profile	path	length	sha256
clean	.doorstop_version	5	75a2f501000d4fe28f74bc7ee66dae5581959d28b6c44f0c1b0c05cd5ba261e6
clean	BepInEx/core/0Harmony.dll	204800	1a21cc03424fc82c3dd1346905d16494536b9595ae4162228d99fb7c285c1031
clean	BepInEx/core/0Harmony.xml	267107	d1f02fc3ada3a13da307de421225bfe56ebe24064370980979391c4be021672f
clean	BepInEx/core/0Harmony20.dll	112640	c755a5ab2712915a32f9a850d580a8c1b70ff1653bc76600f2767aa8ffccc663
clean	BepInEx/core/BepInEx.Harmony.dll	6656	00c8f2ac48593e4d45ce4eb26ce4e68b18113c5c489b38b8bf0850f65830d601
clean	BepInEx/core/BepInEx.Harmony.xml	4056	a04fedf08f7c81f5d01aba6f2840a7ffce50b79bbd24587d8dbe69ab73971d29
clean	BepInEx/core/BepInEx.Preloader.dll	43008	55d3895351a9d16b63b6f35f1c01b44ac650979e853d0bd3a442b92a082af64f
clean	BepInEx/core/BepInEx.Preloader.xml	7964	33275b2783b7b99495a02c098ee86d6a9a2783e884a5c9369021f20c94cf99e7
clean	BepInEx/core/BepInEx.dll	128512	8255b28902886085c578b9e427d3073c97002db85176d2090cdeda90ef14ce70
clean	BepInEx/core/BepInEx.xml	89835	7ba2266061b9f8a9f146218a312bfdd0d7f2b53a99a7e66c957215c6b66ca0d7
clean	BepInEx/core/HarmonyXInterop.dll	23552	7ce1342d3afa0334b59a3e38c0aed15e162b9abe9d46f95f34be44af47f3b493
clean	BepInEx/core/Mono.Cecil.Mdb.dll	43008	5896d1898f616701fff18f3b2c71e6b844d2390ef9f41e1c5fccce8cb27c698e
clean	BepInEx/core/Mono.Cecil.Pdb.dll	86528	174db44a067f58561510af746f3caeb032037762c57a31c8d9ee32db25174984
clean	BepInEx/core/Mono.Cecil.Rocks.dll	27648	54ac539fb5ddc8b44c0e9acd0fcb7324f89d1a072edf8ebc1b06dd691e3d3927
clean	BepInEx/core/Mono.Cecil.dll	339456	7ae470288fff4a402899c254d0a76cefef55877f5c54f96e83c797cc5bb6e2f6
clean	BepInEx/core/MonoMod.RuntimeDetour.dll	105984	40e49bb314391cd7bddc2644f8553eeba92c194b940836b103df16955c464e0c
clean	BepInEx/core/MonoMod.RuntimeDetour.xml	9414	54887808960d156550b37d602d08847607aa9e908d039f2765fb0b5e79394aa4
clean	BepInEx/core/MonoMod.Utils.dll	187904	9d1495f147ac93c4f81f84538c1a326e8f8a6aefc78d6289d798f3ce1162c5e9
clean	BepInEx/core/MonoMod.Utils.xml	78973	0577b362023a3432d6e8d7934c5eddc3e08fdbb19e191af083e341562c5ede38
clean	BepInEx/plugins/渔力全开锁帧优化mod/安装清单.txt	191	e125e465691b476eca4bd02caa55e9c726c6ad1eee5c07b23abd4e78951b32c9
clean	BepInEx/plugins/渔力全开锁帧优化mod/渔力全开锁帧优化mod.dll	13312	c4cf3e449684313d83a36d65f460dc6ff133cdebe3b6723b579e47c20281ee27
clean	changelog.txt	338	b184d858cb0ff6614ca8ce0247fb0d186cabc91ed7e4d4d9d57ea3d744ce98b5
clean	doorstop_config.ini	1460	4d5c6dfa0f771c6a5b1b0c559aca0bd0ece7d08b08fff894708dc3b73ce73cfc
clean	winhttp.dll	26112	8c6cdbc38836dee87e3368f5de1994d7c0ccebf29e4ce7aba3c0981f9375412c
mod	BepInEx/plugins/渔力全开锁帧优化mod/安装清单.txt	191	e125e465691b476eca4bd02caa55e9c726c6ad1eee5c07b23abd4e78951b32c9
mod	BepInEx/plugins/渔力全开锁帧优化mod/渔力全开锁帧优化mod.dll	13312	c4cf3e449684313d83a36d65f460dc6ff133cdebe3b6723b579e47c20281ee27
